id,HIN
0,आ ध ी
1,आ ध ी
2,आ ध ी
3,आ ध ी
4,आ ध ी
5,आ ध ी
6,आ ध ी
7,आ ध ी
8,आ ध ी
9,आ ध ी
10,आ ध ी
11,आ ध ी
12,आ ध ी
13,आ ध ी
14,आ ध ी
15,आ ध ी
16,आ ध ी
17,आ ध ी
18,आ ध ी
19,आ ध ी
20,आ ध ी
21,आ ध ी
22,आ ध ी
23,आ ध ी
24,आ ध ी
25,आ ध ी
26,आ ध ी
27,आ ध ी
28,आ ध ी
29,आ ध ी
30,आ ध ी
31,आ ध ी
32,आ ध ी
33,आ ध ी
34,आ ध ी
35,आ ध ी
36,आ ध ी
37,आ ध ी
38,आ ध ी
39,आ ध ी
40,आ ध ी
41,आ ध ी
42,आ ध ी
43,आ ध ी
44,आ ध ी
45,आ ध ी
46,आ ध ी
47,आ ध ी
48,आ ध ी
49,आ ध ी
50,आ ध ी
51,आ ध ी
52,आ ध ी
53,आ ध ी
54,आ ध ी
55,आ ध ी
56,आ ध ी
57,आ ध ी
58,आ ध ी
59,आ ध ी
60,आ ध ी
61,आ ध ी
62,आ ध ी
63,आ ध ी
64,आ ध ी
65,आ ध ी
66,आ ध ी
67,आ ध ी
68,आ ध ी
69,आ ध ी
70,आ ध ी
71,आ ध ी
72,आ ध ी
73,आ ध ी
74,आ ध ी
75,आ ध ी
76,आ ध ी
77,आ ध ी
78,आ ध ी
79,आ ध ी
80,आ ध ी
81,आ ध ी
82,आ ध ी
83,आ ध ी
84,आ ध ी
85,आ ध ी
86,आ ध ी
87,आ ध ी
88,आ ध ी
89,आ ध ी
90,आ ध ी
91,आ ध ी
92,आ ध ी
93,आ ध ी
94,आ ध ी
95,आ ध ी
96,आ ध ी
97,आ ध ी
98,आ ध ी
99,आ ध ी
100,आ ध ी
101,आ ध ी
102,आ ध ी
103,आ ध ी
104,आ ध ी
105,आ ध ी
106,आ ध ी
107,आ ध ी
108,आ ध ी
109,आ ध ी
110,आ ध ी
111,आ ध ी
112,आ ध ी
113,आ ध ी
114,आ ध ी
115,आ ध ी
116,आ ध ी
117,आ ध ी
118,आ ध ी
119,आ ध ी
120,आ ध ी
121,आ ध ी
122,आ ध ी
123,आ ध ी
124,आ ध ी
125,आ ध ी
126,आ ध ी
127,आ ध ी
128,आ ध ी
129,आ ध ी
130,आ ध ी
131,आ ध ी
132,आ ध ी
133,आ ध ी
134,आ ध ी
135,आ ध ी
136,आ ध ी
137,आ ध ी
138,आ ध ी
139,आ ध ी
140,आ ध ी
141,आ ध ी
142,आ ध ी
143,आ ध ी
144,आ ध ी
145,आ ध ी
146,आ ध ी
147,आ ध ी
148,आ ध ी
149,आ ध ी
150,आ ध ी
151,आ ध ी
152,आ ध ी
153,आ ध ी
154,आ ध ी
155,आ ध ी
156,आ ध ी
157,आ ध ी
158,आ ध ी
159,आ ध ी
160,आ ध ी
161,आ ध ी
162,आ ध ी
163,आ ध ी
164,आ ध ी
165,आ ध ी
166,आ ध ी
167,आ ध ी
168,आ ध ी
169,आ ध ी
170,आ ध ी
171,आ ध ी
172,आ ध ी
173,आ ध ी
174,आ ध ी
175,आ ध ी
176,आ ध ी
177,आ ध ी
178,आ ध ी
179,आ ध ी
180,आ ध ी
181,आ ध ी
182,आ ध ी
183,आ ध ी
184,आ ध ी
185,आ ध ी
186,आ ध ी
187,आ ध ी
188,आ ध ी
189,आ ध ी
190,आ ध ी
191,आ ध ी
192,आ ध ी
193,आ ध ी
194,आ ध ी
195,आ ध ी
196,आ ध ी
197,आ ध ी
198,आ ध ी
199,आ ध ी
200,आ ध ी
201,आ ध ी
202,आ ध ी
203,आ ध ी
204,आ ध ी
205,आ ध ी
206,आ ध ी
207,आ ध ी
208,आ ध ी
209,आ ध ी
210,आ ध ी
211,आ ध ी
212,आ ध ी
213,आ ध ी
214,आ ध ी
215,आ ध ी
216,आ ध ी
217,आ ध ी
218,आ ध ी
219,आ ध ी
220,आ ध ी
221,आ ध ी
222,आ ध ी
223,आ ध ी
224,आ ध ी
225,आ ध ी
226,आ ध ी
227,आ ध ी
228,आ ध ी
229,आ ध ी
230,आ ध ी
231,आ ध ी
232,आ ध ी
233,आ ध ी
234,आ ध ी
235,आ ध ी
236,आ ध ी
237,आ ध ी
238,आ ध ी
239,आ ध ी
240,आ ध ी
241,आ ध ी
242,आ ध ी
243,आ ध ी
244,आ ध ी
245,आ ध ी
246,आ ध ी
247,आ ध ी
248,आ ध ी
249,आ ध ी
250,आ ध ी
251,आ ध ी
252,आ ध ी
253,आ ध ी
254,आ ध ी
255,आ ध ी
256,आ ध ी
257,आ ध ी
258,आ ध ी
259,आ ध ी
260,आ ध ी
261,आ ध ी
262,आ ध ी
263,आ ध ी
264,आ ध ी
265,आ ध ी
266,आ ध ी
267,आ ध ी
268,आ ध ी
269,आ ध ी
270,आ ध ी
271,आ ध ी
272,आ ध ी
273,आ ध ी
274,आ ध ी
275,आ ध ी
276,आ ध ी
277,आ ध ी
278,आ ध ी
279,आ ध ी
280,आ ध ी
281,आ ध ी
282,आ ध ी
283,आ ध ी
284,आ ध ी
285,आ ध ी
286,आ ध ी
287,आ ध ी
288,आ ध ी
289,आ ध ी
290,आ ध ी
291,आ ध ी
292,आ ध ी
293,आ ध ी
294,आ ध ी
295,आ ध ी
296,आ ध ी
297,आ ध ी
298,आ ध ी
299,आ ध ी
300,आ ध ी
301,आ ध ी
302,आ ध ी
303,आ ध ी
304,आ ध ी
305,आ ध ी
306,आ ध ी
307,आ ध ी
308,आ ध ी
309,आ ध ी
310,आ ध ी
311,आ ध ी
312,आ ध ी
313,आ ध ी
314,आ ध ी
315,आ ध ी
316,आ ध ी
317,आ ध ी
318,आ ध ी
319,आ ध ी
320,आ ध ी
321,आ ध ी
322,आ ध ी
323,आ ध ी
324,आ ध ी
325,आ ध ी
326,आ ध ी
327,आ ध ी
328,आ ध ी
329,आ ध ी
330,आ ध ी
331,आ ध ी
332,आ ध ी
333,आ ध ी
334,आ ध ी
335,आ ध ी
336,आ ध ी
337,आ ध ी
338,आ ध ी
339,आ ध ी
340,आ ध ी
341,आ ध ी
342,आ ध ी
343,आ ध ी
344,आ ध ी
345,आ ध ी
346,आ ध ी
347,आ ध ी
348,आ ध ी
349,आ ध ी
350,आ ध ी
351,आ ध ी
352,आ ध ी
353,आ ध ी
354,आ ध ी
355,आ ध ी
356,आ ध ी
357,आ ध ी
358,आ ध ी
359,आ ध ी
360,आ ध ी
361,आ ध ी
362,आ ध ी
363,आ ध ी
364,आ ध ी
365,आ ध ी
366,आ ध ी
367,आ ध ी
368,आ ध ी
369,आ ध ी
370,आ ध ी
371,आ ध ी
372,आ ध ी
373,आ ध ी
374,आ ध ी
375,आ ध ी
376,आ ध ी
377,आ ध ी
378,आ ध ी
379,आ ध ी
380,आ ध ी
381,आ ध ी
382,आ ध ी
383,आ ध ी
384,आ ध ी
385,आ ध ी
386,आ ध ी
387,आ ध ी
388,आ ध ी
389,आ ध ी
390,आ ध ी
391,आ ध ी
392,आ ध ी
393,आ ध ी
394,आ ध ी
395,आ ध ी
396,आ ध ी
397,आ ध ी
398,आ ध ी
399,आ ध ी
400,आ ध ी
401,आ ध ी
402,आ ध ी
403,आ ध ी
404,आ ध ी
405,आ ध ी
406,आ ध ी
407,आ ध ी
408,आ ध ी
409,आ ध ी
410,आ ध ी
411,आ ध ी
412,आ ध ी
413,आ ध ी
414,आ ध ी
415,आ ध ी
416,आ ध ी
417,आ ध ी
418,आ ध ी
419,आ ध ी
420,आ ध ी
421,आ ध ी
422,आ ध ी
423,आ ध ी
424,आ ध ी
425,आ ध ी
426,आ ध ी
427,आ ध ी
428,आ ध ी
429,आ ध ी
430,आ ध ी
431,आ ध ी
432,आ ध ी
433,आ ध ी
434,आ ध ी
435,आ ध ी
436,आ ध ी
437,आ ध ी
438,आ ध ी
439,आ ध ी
440,आ ध ी
441,आ ध ी
442,आ ध ी
443,आ ध ी
444,आ ध ी
445,आ ध ी
446,आ ध ी
447,आ ध ी
448,आ ध ी
449,आ ध ी
450,आ ध ी
451,आ ध ी
452,आ ध ी
453,आ ध ी
454,आ ध ी
455,आ ध ी
456,आ ध ी
457,आ ध ी
458,आ ध ी
459,आ ध ी
460,आ ध ी
461,आ ध ी
462,आ ध ी
463,आ ध ी
464,आ ध ी
465,आ ध ी
466,आ ध ी
467,आ ध ी
468,आ ध ी
469,आ ध ी
470,आ ध ी
471,आ ध ी
472,आ ध ी
473,आ ध ी
474,आ ध ी
475,आ ध ी
476,आ ध ी
477,आ ध ी
478,आ ध ी
479,आ ध ी
480,आ ध ी
481,आ ध ी
482,आ ध ी
483,आ ध ी
484,आ ध ी
485,आ ध ी
486,आ ध ी
487,आ ध ी
488,आ ध ी
489,आ ध ी
490,आ ध ी
491,आ ध ी
492,आ ध ी
493,आ ध ी
494,आ ध ी
495,आ ध ी
496,आ ध ी
497,आ ध ी
498,आ ध ी
499,आ ध ी
500,आ ध ी
501,आ ध ी
502,आ ध ी
503,आ ध ी
504,आ ध ी
505,आ ध ी
506,आ ध ी
507,आ ध ी
508,आ ध ी
509,आ ध ी
510,आ ध ी
511,आ ध ी
512,आ ध ी
513,आ ध ी
514,आ ध ी
515,आ ध ी
516,आ ध ी
517,आ ध ी
518,आ ध ी
519,आ ध ी
520,आ ध ी
521,आ ध ी
522,आ ध ी
523,आ ध ी
524,आ ध ी
525,आ ध ी
526,आ ध ी
527,आ ध ी
528,आ ध ी
529,आ ध ी
530,आ ध ी
531,आ ध ी
532,आ ध ी
533,आ ध ी
534,आ ध ी
535,आ ध ी
536,आ ध ी
537,आ ध ी
538,आ ध ी
539,आ ध ी
540,आ ध ी
541,आ ध ी
542,आ ध ी
543,आ ध ी
544,आ ध ी
545,आ ध ी
546,आ ध ी
547,आ ध ी
548,आ ध ी
549,आ ध ी
550,आ ध ी
551,आ ध ी
552,आ ध ी
553,आ ध ी
554,आ ध ी
555,आ ध ी
556,आ ध ी
557,आ ध ी
558,आ ध ी
559,आ ध ी
560,आ ध ी
561,आ ध ी
562,आ ध ी
563,आ ध ी
564,आ ध ी
565,आ ध ी
566,आ ध ी
567,आ ध ी
568,आ ध ी
569,आ ध ी
570,आ ध ी
571,आ ध ी
572,आ ध ी
573,आ ध ी
574,आ ध ी
575,आ ध ी
576,आ ध ी
577,आ ध ी
578,आ ध ी
579,आ ध ी
580,आ ध ी
581,आ ध ी
582,आ ध ी
583,आ ध ी
584,आ ध ी
585,आ ध ी
586,आ ध ी
587,आ ध ी
588,आ ध ी
589,आ ध ी
590,आ ध ी
591,आ ध ी
592,आ ध ी
593,आ ध ी
594,आ ध ी
595,आ ध ी
596,आ ध ी
597,आ ध ी
598,आ ध ी
599,आ ध ी
600,आ ध ी
601,आ ध ी
602,आ ध ी
603,आ ध ी
604,आ ध ी
605,आ ध ी
606,आ ध ी
607,आ ध ी
608,आ ध ी
609,आ ध ी
610,आ ध ी
611,आ ध ी
612,आ ध ी
613,आ ध ी
614,आ ध ी
615,आ ध ी
616,आ ध ी
617,आ ध ी
618,आ ध ी
619,आ ध ी
620,आ ध ी
621,आ ध ी
622,आ ध ी
623,आ ध ी
624,आ ध ी
625,आ ध ी
626,आ ध ी
627,आ ध ी
628,आ ध ी
629,आ ध ी
630,आ ध ी
631,आ ध ी
632,आ ध ी
633,आ ध ी
634,आ ध ी
635,आ ध ी
636,आ ध ी
637,आ ध ी
638,आ ध ी
639,आ ध ी
640,आ ध ी
641,आ ध ी
642,आ ध ी
643,आ ध ी
644,आ ध ी
645,आ ध ी
646,आ ध ी
647,आ ध ी
648,आ ध ी
649,आ ध ी
650,आ ध ी
651,आ ध ी
652,आ ध ी
653,आ ध ी
654,आ ध ी
655,आ ध ी
656,आ ध ी
657,आ ध ी
658,आ ध ी
659,आ ध ी
660,आ ध ी
661,आ ध ी
662,आ ध ी
663,आ ध ी
664,आ ध ी
665,आ ध ी
666,आ ध ी
667,आ ध ी
668,आ ध ी
669,आ ध ी
670,आ ध ी
671,आ ध ी
672,आ ध ी
673,आ ध ी
674,आ ध ी
675,आ ध ी
676,आ ध ी
677,आ ध ी
678,आ ध ी
679,आ ध ी
680,आ ध ी
681,आ ध ी
682,आ ध ी
683,आ ध ी
684,आ ध ी
685,आ ध ी
686,आ ध ी
687,आ ध ी
688,आ ध ी
689,आ ध ी
690,आ ध ी
691,आ ध ी
692,आ ध ी
693,आ ध ी
694,आ ध ी
695,आ ध ी
696,आ ध ी
697,आ ध ी
698,आ ध ी
699,आ ध ी
700,आ ध ी
701,आ ध ी
702,आ ध ी
703,आ ध ी
704,आ ध ी
705,आ ध ी
706,आ ध ी
707,आ ध ी
708,आ ध ी
709,आ ध ी
710,आ ध ी
711,आ ध ी
712,आ ध ी
713,आ ध ी
714,आ ध ी
715,आ ध ी
716,आ ध ी
717,आ ध ी
718,आ ध ी
719,आ ध ी
720,आ ध ी
721,आ ध ी
722,आ ध ी
723,आ ध ी
724,आ ध ी
725,आ ध ी
726,आ ध ी
727,आ ध ी
728,आ ध ी
729,आ ध ी
730,आ ध ी
731,आ ध ी
732,आ ध ी
733,आ ध ी
734,आ ध ी
735,आ ध ी
736,आ ध ी
737,आ ध ी
738,आ ध ी
739,आ ध ी
740,आ ध ी
741,आ ध ी
742,आ ध ी
743,आ ध ी
744,आ ध ी
745,आ ध ी
746,आ ध ी
747,आ ध ी
748,आ ध ी
749,आ ध ी
750,आ ध ी
751,आ ध ी
752,आ ध ी
753,आ ध ी
754,आ ध ी
755,आ ध ी
756,आ ध ी
757,आ ध ी
758,आ ध ी
759,आ ध ी
760,आ ध ी
761,आ ध ी
762,आ ध ी
763,आ ध ी
764,आ ध ी
765,आ ध ी
766,आ ध ी
767,आ ध ी
768,आ ध ी
769,आ ध ी
770,आ ध ी
771,आ ध ी
772,आ ध ी
773,आ ध ी
774,आ ध ी
775,आ ध ी
776,आ ध ी
777,आ ध ी
778,आ ध ी
779,आ ध ी
780,आ ध ी
781,आ ध ी
782,आ ध ी
783,आ ध ी
784,आ ध ी
785,आ ध ी
786,आ ध ी
787,आ ध ी
788,आ ध ी
789,आ ध ी
790,आ ध ी
791,आ ध ी
792,आ ध ी
793,आ ध ी
794,आ ध ी
795,आ ध ी
796,आ ध ी
797,आ ध ी
798,आ ध ी
799,आ ध ी
800,आ ध ी
801,आ ध ी
802,आ ध ी
803,आ ध ी
804,आ ध ी
805,आ ध ी
806,आ ध ी
807,आ ध ी
808,आ ध ी
809,आ ध ी
810,आ ध ी
811,आ ध ी
812,आ ध ी
813,आ ध ी
814,आ ध ी
815,आ ध ी
816,आ ध ी
817,आ ध ी
818,आ ध ी
819,आ ध ी
820,आ ध ी
821,आ ध ी
822,आ ध ी
823,आ ध ी
824,आ ध ी
825,आ ध ी
826,आ ध ी
827,आ ध ी
828,आ ध ी
829,आ ध ी
830,आ ध ी
831,आ ध ी
832,आ ध ी
833,आ ध ी
834,आ ध ी
835,आ ध ी
836,आ ध ी
837,आ ध ी
838,आ ध ी
839,आ ध ी
840,आ ध ी
841,आ ध ी
842,आ ध ी
843,आ ध ी
844,आ ध ी
845,आ ध ी
846,आ ध ी
847,आ ध ी
848,आ ध ी
849,आ ध ी
850,आ ध ी
851,आ ध ी
852,आ ध ी
853,आ ध ी
854,आ ध ी
855,आ ध ी
856,आ ध ी
857,आ ध ी
858,आ ध ी
859,आ ध ी
860,आ ध ी
861,आ ध ी
862,आ ध ी
863,आ ध ी
864,आ ध ी
865,आ ध ी
866,आ ध ी
867,आ ध ी
868,आ ध ी
869,आ ध ी
870,आ ध ी
871,आ ध ी
872,आ ध ी
873,आ ध ी
874,आ ध ी
875,आ ध ी
876,आ ध ी
877,आ ध ी
878,आ ध ी
879,आ ध ी
880,आ ध ी
881,आ ध ी
882,आ ध ी
883,आ ध ी
884,आ ध ी
885,आ ध ी
886,आ ध ी
887,आ ध ी
888,आ ध ी
889,आ ध ी
890,आ ध ी
891,आ ध ी
892,आ ध ी
893,आ ध ी
894,आ ध ी
895,आ ध ी
896,आ ध ी
897,आ ध ी
898,आ ध ी
899,आ ध ी
900,आ ध ी
901,आ ध ी
902,आ ध ी
903,आ ध ी
904,आ ध ी
905,आ ध ी
906,आ ध ी
907,आ ध ी
908,आ ध ी
909,आ ध ी
910,आ ध ी
911,आ ध ी
912,आ ध ी
913,आ ध ी
914,आ ध ी
915,आ ध ी
916,आ ध ी
917,आ ध ी
918,आ ध ी
919,आ ध ी
920,आ ध ी
921,आ ध ी
922,आ ध ी
923,आ ध ी
924,आ ध ी
925,आ ध ी
926,आ ध ी
927,आ ध ी
928,आ ध ी
929,आ ध ी
930,आ ध ी
931,आ ध ी
932,आ ध ी
933,आ ध ी
934,आ ध ी
935,आ ध ी
936,आ ध ी
937,आ ध ी
938,आ ध ी
939,आ ध ी
940,आ ध ी
941,आ ध ी
942,आ ध ी
943,आ ध ी
944,आ ध ी
945,आ ध ी
946,आ ध ी
947,आ ध ी
948,आ ध ी
949,आ ध ी
950,आ ध ी
951,आ ध ी
952,आ ध ी
953,आ ध ी
954,आ ध ी
955,आ ध ी
956,आ ध ी
957,आ ध ी
958,आ ध ी
959,आ ध ी
960,आ ध ी
961,आ ध ी
962,आ ध ी
963,आ ध ी
964,आ ध ी
965,आ ध ी
966,आ ध ी
967,आ ध ी
968,आ ध ी
969,आ ध ी
970,आ ध ी
971,आ ध ी
972,आ ध ी
973,आ ध ी
974,आ ध ी
975,आ ध ी
976,आ ध ी
977,आ ध ी
978,आ ध ी
979,आ ध ी
980,आ ध ी
981,आ ध ी
982,आ ध ी
983,आ ध ी
984,आ ध ी
985,आ ध ी
986,आ ध ी
987,आ ध ी
988,आ ध ी
989,आ ध ी
990,आ ध ी
991,आ ध ी
992,आ ध ी
993,आ ध ी
994,आ ध ी
995,आ ध ी
996,आ ध ी
997,आ ध ी
998,आ ध ी
999,आ ध ी